collected_at_utc,source,source_url,attribution,rate_type,origin,destination,lane,region,weight_break_kg,chargeable_kg,currency,usd_per_kg_min,usd_per_kg_max,usd_per_kg_mid,total_min_usd,total_max_usd,transit_min_days,transit_max_days,num_quotes,status,error,source_as_of
2026-08-27T16:01:43.835304+00:00,freightos_shipping_calculator,https://ship.freightos.com/api/shippingCalculator,Data courtesy Freightos — https://www.freightos.com,marketplace_estimate,BOM,LHR,BOM-LHR,India-Europe,300.0,300.0,USD,8.45,10.076666666666666,9.263333333333334,2535.0,3023.0,1.0,8.0,1,ok,,
2026-08-27T16:01:43.835304+00:00,freightos_shipping_calculator,https://ship.freightos.com/api/shippingCalculator,Data courtesy Freightos — https://www.freightos.com,marketplace_estimate,BOM,LHR,BOM-LHR,India-Europe,1000.0,1000.0,USD,7.83,9.96,8.895,7830.0,9960.0,1.0,8.0,1,ok,,
2026-08-27T16:01:43.835304+00:00,freightos_shipping_calculator,https://ship.freightos.com/api/shippingCalculator,Data courtesy Freightos — https://www.freightos.com,marketplace_estimate,BOM,FRA,BOM-FRA,India-Europe,300.0,300.0,USD,7.95,8.25,8.1,2385.0,2475.0,4.0,8.0,1,ok,,
2026-08-27T16:01:43.835304+00:00,freightos_shipping_calculator,https://ship.freightos.com/api/shippingCalculator,Data courtesy Freightos — https://www.freightos.com,marketplace_estimate,BOM,FRA,BOM-FRA,India-Europe,1000.0,1000.0,USD,7.53,7.83,7.68,7530.0,7830.0,4.0,8.0,1,ok,,
2026-08-27T16:01:43.835304+00:00,freightos_shipping_calculator,https://ship.freightos.com/api/shippingCalculator,Data courtesy Freightos — https://www.freightos.com,marketplace_estimate,BOM,DXB,BOM-DXB,India-ME,300.0,300.0,USD,6.65,6.65,6.65,1995.0,1995.0,4.0,4.0,1,ok,,
2026-08-27T16:01:43.835304+00:00,freightos_shipping_calculator,https://ship.freightos.com/api/shippingCalculator,Data courtesy Freightos — https://www.freightos.com,marketplace_estimate,BOM,DXB,BOM-DXB,India-ME,1000.0,1000.0,USD,,,,,,,,0,error,429 Client Error: Too Many Requests for url: https://ship.freightos.com/api/shippingCalculator?mode=air&origin=BOM&destination=DXB&loadtype=boxes&weight=1000&quantity=1&length=100&width=100&height=100&format=json,
2026-08-27T16:01:43.835304+00:00,freightos_shipping_calculator,https://ship.freightos.com/api/shippingCalculator,Data courtesy Freightos — https://www.freightos.com,marketplace_estimate,BOM,HKG,BOM-HKG,India-Asia,300.0,300.0,USD,,,,,,,,0,error,429 Client Error: Too Many Requests for url: https://ship.freightos.com/api/shippingCalculator?mode=air&origin=BOM&destination=HKG&loadtype=boxes&weight=300&quantity=1&length=60&width=60&height=60&format=json,
2026-08-27T16:01:43.835304+00:00,freightos_shipping_calculator,https://ship.freightos.com/api/shippingCalculator,Data courtesy Freightos — https://www.freightos.com,marketplace_estimate,BOM,HKG,BOM-HKG,India-Asia,1000.0,1000.0,USD,,,,,,,,0,error,429 Client Error: Too Many Requests for url: https://ship.freightos.com/api/shippingCalculator?mode=air&origin=BOM&destination=HKG&loadtype=boxes&weight=1000&quantity=1&length=100&width=100&height=100&format=json,
2026-08-27T16:01:43.835304+00:00,freightos_shipping_calculator,https://ship.freightos.com/api/shippingCalculator,Data courtesy Freightos — https://www.freightos.com,marketplace_estimate,BOM,SIN,BOM-SIN,India-Asia,300.0,300.0,USD,,,,,,,,0,error,429 Client Error: Too Many Requests for url: https://ship.freightos.com/api/shippingCalculator?mode=air&origin=BOM&destination=SIN&loadtype=boxes&weight=300&quantity=1&length=60&width=60&height=60&format=json,
2026-08-27T16:01:43.835304+00:00,freightos_shipping_calculator,https://ship.freightos.com/api/shippingCalculator,Data courtesy Freightos — https://www.freightos.com,marketplace_estimate,BOM,SIN,BOM-SIN,India-Asia,1000.0,1000.0,USD,,,,,,,,0,error,429 Client Error: Too Many Requests for url: https://ship.freightos.com/api/shippingCalculator?mode=air&origin=BOM&destination=SIN&loadtype=boxes&weight=1000&quantity=1&length=100&width=100&height=100&format=json,
2026-08-27T16:01:43.835304+00:00,freightos_shipping_calculator,https://ship.freightos.com/api/shippingCalculator,Data courtesy Freightos — https://www.freightos.com,marketplace_estimate,BOM,ORD,BOM-ORD,India-NA,300.0,300.0,USD,,,,,,,,0,error,429 Client Error: Too Many Requests for url: https://ship.freightos.com/api/shippingCalculator?mode=air&origin=BOM&destination=ORD&loadtype=boxes&weight=300&quantity=1&length=60&width=60&height=60&format=json,
2026-08-27T16:01:43.835304+00:00,freightos_shipping_calculator,https://ship.freightos.com/api/shippingCalculator,Data courtesy Freightos — https://www.freightos.com,marketplace_estimate,BOM,ORD,BOM-ORD,India-NA,1000.0,1000.0,USD,,,,,,,,0,error,429 Client Error: Too Many Requests for url: https://ship.freightos.com/api/shippingCalculator?mode=air&origin=BOM&destination=ORD&loadtype=boxes&weight=1000&quantity=1&length=100&width=100&height=100&format=json,
2026-08-27T16:01:43.835304+00:00,freightos_shipping_calculator,https://ship.freightos.com/api/shippingCalculator,Data courtesy Freightos — https://www.freightos.com,marketplace_estimate,BOM,PVG,BOM-PVG,India-Asia,300.0,300.0,USD,,,,,,,,0,error,429 Client Error: Too Many Requests for url: https://ship.freightos.com/api/shippingCalculator?mode=air&origin=BOM&destination=PVG&loadtype=boxes&weight=300&quantity=1&length=60&width=60&height=60&format=json,
2026-08-27T16:01:43.835304+00:00,freightos_shipping_calculator,https://ship.freightos.com/api/shippingCalculator,Data courtesy Freightos — https://www.freightos.com,marketplace_estimate,BOM,PVG,BOM-PVG,India-Asia,1000.0,1000.0,USD,,,,,,,,0,error,429 Client Error: Too Many Requests for url: https://ship.freightos.com/api/shippingCalculator?mode=air&origin=BOM&destination=PVG&loadtype=boxes&weight=1000&quantity=1&length=100&width=100&height=100&format=json,
2026-08-27T16:01:43.835304+00:00,freightos_shipping_calculator,https://ship.freightos.com/api/shippingCalculator,Data courtesy Freightos — https://www.freightos.com,marketplace_estimate,DEL,LHR,DEL-LHR,India-Europe,300.0,300.0,USD,,,,,,,,0,error,429 Client Error: Too Many Requests for url: https://ship.freightos.com/api/shippingCalculator?mode=air&origin=DEL&destination=LHR&loadtype=boxes&weight=300&quantity=1&length=60&width=60&height=60&format=json,
2026-08-27T16:01:43.835304+00:00,freightos_shipping_calculator,https://ship.freightos.com/api/shippingCalculator,Data courtesy Freightos — https://www.freightos.com,marketplace_estimate,DEL,LHR,DEL-LHR,India-Europe,1000.0,1000.0,USD,,,,,,,,0,error,429 Client Error: Too Many Requests for url: https://ship.freightos.com/api/shippingCalculator?mode=air&origin=DEL&destination=LHR&loadtype=boxes&weight=1000&quantity=1&length=100&width=100&height=100&format=json,
2026-08-27T16:01:43.835304+00:00,freightos_shipping_calculator,https://ship.freightos.com/api/shippingCalculator,Data courtesy Freightos — https://www.freightos.com,marketplace_estimate,DEL,FRA,DEL-FRA,India-Europe,300.0,300.0,USD,,,,,,,,0,error,429 Client Error: Too Many Requests for url: https://ship.freightos.com/api/shippingCalculator?mode=air&origin=DEL&destination=FRA&loadtype=boxes&weight=300&quantity=1&length=60&width=60&height=60&format=json,
2026-08-27T16:01:43.835304+00:00,freightos_shipping_calculator,https://ship.freightos.com/api/shippingCalculator,Data courtesy Freightos — https://www.freightos.com,marketplace_estimate,DEL,FRA,DEL-FRA,India-Europe,1000.0,1000.0,USD,,,,,,,,0,error,429 Client Error: Too Many Requests for url: https://ship.freightos.com/api/shippingCalculator?mode=air&origin=DEL&destination=FRA&loadtype=boxes&weight=1000&quantity=1&length=100&width=100&height=100&format=json,
2026-08-27T16:01:43.835304+00:00,freightos_shipping_calculator,https://ship.freightos.com/api/shippingCalculator,Data courtesy Freightos — https://www.freightos.com,marketplace_estimate,DEL,DXB,DEL-DXB,India-ME,300.0,300.0,USD,,,,,,,,0,error,429 Client Error: Too Many Requests for url: https://ship.freightos.com/api/shippingCalculator?mode=air&origin=DEL&destination=DXB&loadtype=boxes&weight=300&quantity=1&length=60&width=60&height=60&format=json,
2026-08-27T16:01:43.835304+00:00,freightos_shipping_calculator,https://ship.freightos.com/api/shippingCalculator,Data courtesy Freightos — https://www.freightos.com,marketplace_estimate,DEL,DXB,DEL-DXB,India-ME,1000.0,1000.0,USD,,,,,,,,0,error,429 Client Error: Too Many Requests for url: https://ship.freightos.com/api/shippingCalculator?mode=air&origin=DEL&destination=DXB&loadtype=boxes&weight=1000&quantity=1&length=100&width=100&height=100&format=json,
2026-08-27T16:01:43.835304+00:00,freightos_shipping_calculator,https://ship.freightos.com/api/shippingCalculator,Data courtesy Freightos — https://www.freightos.com,marketplace_estimate,BLR,LHR,BLR-LHR,India-Europe,300.0,300.0,USD,,,,,,,,0,error,429 Client Error: Too Many Requests for url: https://ship.freightos.com/api/shippingCalculator?mode=air&origin=BLR&destination=LHR&loadtype=boxes&weight=300&quantity=1&length=60&width=60&height=60&format=json,
2026-08-27T16:01:43.835304+00:00,freightos_shipping_calculator,https://ship.freightos.com/api/shippingCalculator,Data courtesy Freightos — https://www.freightos.com,marketplace_estimate,BLR,LHR,BLR-LHR,India-Europe,1000.0,1000.0,USD,,,,,,,,0,error,429 Client Error: Too Many Requests for url: https://ship.freightos.com/api/shippingCalculator?mode=air&origin=BLR&destination=LHR&loadtype=boxes&weight=1000&quantity=1&length=100&width=100&height=100&format=json,
2026-08-27T16:01:43.835304+00:00,freightos_shipping_calculator,https://ship.freightos.com/api/shippingCalculator,Data courtesy Freightos — https://www.freightos.com,marketplace_estimate,BLR,FRA,BLR-FRA,India-Europe,300.0,300.0,USD,,,,,,,,0,error,429 Client Error: Too Many Requests for url: https://ship.freightos.com/api/shippingCalculator?mode=air&origin=BLR&destination=FRA&loadtype=boxes&weight=300&quantity=1&length=60&width=60&height=60&format=json,
2026-08-27T16:01:43.835304+00:00,freightos_shipping_calculator,https://ship.freightos.com/api/shippingCalculator,Data courtesy Freightos — https://www.freightos.com,marketplace_estimate,BLR,FRA,BLR-FRA,India-Europe,1000.0,1000.0,USD,,,,,,,,0,error,429 Client Error: Too Many Requests for url: https://ship.freightos.com/api/shippingCalculator?mode=air&origin=BLR&destination=FRA&loadtype=boxes&weight=1000&quantity=1&length=100&width=100&height=100&format=json,
2026-08-27T16:01:43.835304+00:00,freightos_shipping_calculator,https://ship.freightos.com/api/shippingCalculator,Data courtesy Freightos — https://www.freightos.com,marketplace_estimate,HKG,LHR,HKG-LHR,Asia-Europe,300.0,300.0,USD,,,,,,,,0,error,429 Client Error: Too Many Requests for url: https://ship.freightos.com/api/shippingCalculator?mode=air&origin=HKG&destination=LHR&loadtype=boxes&weight=300&quantity=1&length=60&width=60&height=60&format=json,
2026-08-27T16:01:43.835304+00:00,freightos_shipping_calculator,https://ship.freightos.com/api/shippingCalculator,Data courtesy Freightos — https://www.freightos.com,marketplace_estimate,HKG,LHR,HKG-LHR,Asia-Europe,1000.0,1000.0,USD,,,,,,,,0,error,429 Client Error: Too Many Requests for url: https://ship.freightos.com/api/shippingCalculator?mode=air&origin=HKG&destination=LHR&loadtype=boxes&weight=1000&quantity=1&length=100&width=100&height=100&format=json,
2026-08-27T16:01:43.835304+00:00,freightos_shipping_calculator,https://ship.freightos.com/api/shippingCalculator,Data courtesy Freightos — https://www.freightos.com,marketplace_estimate,HKG,ORD,HKG-ORD,Asia-NA,300.0,300.0,USD,,,,,,,,0,error,429 Client Error: Too Many Requests for url: https://ship.freightos.com/api/shippingCalculator?mode=air&origin=HKG&destination=ORD&loadtype=boxes&weight=300&quantity=1&length=60&width=60&height=60&format=json,
2026-08-27T16:01:43.835304+00:00,freightos_shipping_calculator,https://ship.freightos.com/api/shippingCalculator,Data courtesy Freightos — https://www.freightos.com,marketplace_estimate,HKG,ORD,HKG-ORD,Asia-NA,1000.0,1000.0,USD,,,,,,,,0,error,429 Client Error: Too Many Requests for url: https://ship.freightos.com/api/shippingCalculator?mode=air&origin=HKG&destination=ORD&loadtype=boxes&weight=1000&quantity=1&length=100&width=100&height=100&format=json,
2026-08-27T16:01:43.835304+00:00,freightos_shipping_calculator,https://ship.freightos.com/api/shippingCalculator,Data courtesy Freightos — https://www.freightos.com,marketplace_estimate,PVG,FRA,PVG-FRA,Asia-Europe,300.0,300.0,USD,,,,,,,,0,error,429 Client Error: Too Many Requests for url: https://ship.freightos.com/api/shippingCalculator?mode=air&origin=PVG&destination=FRA&loadtype=boxes&weight=300&quantity=1&length=60&width=60&height=60&format=json,
2026-08-27T16:01:43.835304+00:00,freightos_shipping_calculator,https://ship.freightos.com/api/shippingCalculator,Data courtesy Freightos — https://www.freightos.com,marketplace_estimate,PVG,FRA,PVG-FRA,Asia-Europe,1000.0,1000.0,USD,,,,,,,,0,error,429 Client Error: Too Many Requests for url: https://ship.freightos.com/api/shippingCalculator?mode=air&origin=PVG&destination=FRA&loadtype=boxes&weight=1000&quantity=1&length=100&width=100&height=100&format=json,
2026-08-27T16:01:43.835304+00:00,freightos_shipping_calculator,https://ship.freightos.com/api/shippingCalculator,Data courtesy Freightos — https://www.freightos.com,marketplace_estimate,SIN,LHR,SIN-LHR,Asia-Europe,300.0,300.0,USD,,,,,,,,0,error,429 Client Error: Too Many Requests for url: https://ship.freightos.com/api/shippingCalculator?mode=air&origin=SIN&destination=LHR&loadtype=boxes&weight=300&quantity=1&length=60&width=60&height=60&format=json,
2026-08-27T16:01:43.835304+00:00,freightos_shipping_calculator,https://ship.freightos.com/api/shippingCalculator,Data courtesy Freightos — https://www.freightos.com,marketplace_estimate,SIN,LHR,SIN-LHR,Asia-Europe,1000.0,1000.0,USD,,,,,,,,0,error,429 Client Error: Too Many Requests for url: https://ship.freightos.com/api/shippingCalculator?mode=air&origin=SIN&destination=LHR&loadtype=boxes&weight=1000&quantity=1&length=100&width=100&height=100&format=json,
2026-08-27T16:01:43.835304+00:00,freightos_shipping_calculator,https://ship.freightos.com/api/shippingCalculator,Data courtesy Freightos — https://www.freightos.com,marketplace_estimate,DXB,LHR,DXB-LHR,ME-Europe,300.0,300.0,USD,,,,,,,,0,error,429 Client Error: Too Many Requests for url: https://ship.freightos.com/api/shippingCalculator?mode=air&origin=DXB&destination=LHR&loadtype=boxes&weight=300&quantity=1&length=60&width=60&height=60&format=json,
2026-08-27T16:01:43.835304+00:00,freightos_shipping_calculator,https://ship.freightos.com/api/shippingCalculator,Data courtesy Freightos — https://www.freightos.com,marketplace_estimate,DXB,LHR,DXB-LHR,ME-Europe,1000.0,1000.0,USD,,,,,,,,0,error,429 Client Error: Too Many Requests for url: https://ship.freightos.com/api/shippingCalculator?mode=air&origin=DXB&destination=LHR&loadtype=boxes&weight=1000&quantity=1&length=100&width=100&height=100&format=json,
2026-08-27T16:01:43.835304+00:00,freightos_shipping_calculator,https://ship.freightos.com/api/shippingCalculator,Data courtesy Freightos — https://www.freightos.com,marketplace_estimate,LHR,BOM,LHR-BOM,Europe-India,300.0,300.0,USD,,,,,,,,0,error,429 Client Error: Too Many Requests for url: https://ship.freightos.com/api/shippingCalculator?mode=air&origin=LHR&destination=BOM&loadtype=boxes&weight=300&quantity=1&length=60&width=60&height=60&format=json,
2026-08-27T16:01:43.835304+00:00,freightos_shipping_calculator,https://ship.freightos.com/api/shippingCalculator,Data courtesy Freightos — https://www.freightos.com,marketplace_estimate,LHR,BOM,LHR-BOM,Europe-India,1000.0,1000.0,USD,,,,,,,,0,error,429 Client Error: Too Many Requests for url: https://ship.freightos.com/api/shippingCalculator?mode=air&origin=LHR&destination=BOM&loadtype=boxes&weight=1000&quantity=1&length=100&width=100&height=100&format=json,
2026-08-27T16:01:43.835304+00:00,freightos_shipping_calculator,https://ship.freightos.com/api/shippingCalculator,Data courtesy Freightos — https://www.freightos.com,marketplace_estimate,FRA,BOM,FRA-BOM,Europe-India,300.0,300.0,USD,,,,,,,,0,error,429 Client Error: Too Many Requests for url: https://ship.freightos.com/api/shippingCalculator?mode=air&origin=FRA&destination=BOM&loadtype=boxes&weight=300&quantity=1&length=60&width=60&height=60&format=json,
2026-08-27T16:01:43.835304+00:00,freightos_shipping_calculator,https://ship.freightos.com/api/shippingCalculator,Data courtesy Freightos — https://www.freightos.com,marketplace_estimate,FRA,BOM,FRA-BOM,Europe-India,1000.0,1000.0,USD,,,,,,,,0,error,429 Client Error: Too Many Requests for url: https://ship.freightos.com/api/shippingCalculator?mode=air&origin=FRA&destination=BOM&loadtype=boxes&weight=1000&quantity=1&length=100&width=100&height=100&format=json,
2026-08-27T16:03:29.205647+00:00,shaq_sfx,https://search.shaq-logistics.com/api/freight-index,"SHAQ Freight Rate Index (SFX), SHAQ Logistics",forwarder_index,Shenzhen,Buenos Aires,Shenzhen-Buenos Aires,China-Argentina,,,USD,7.5,7.5,7.5,,,40.0,40.0,1,ok,,2026-07-24
2026-08-27T16:03:29.205647+00:00,shaq_sfx,https://search.shaq-logistics.com/api/freight-index,"SHAQ Freight Rate Index (SFX), SHAQ Logistics",forwarder_index,Shenzhen,Busan,Shenzhen-Busan,China-South Korea,,,USD,2.2,2.2,2.2,,,4.0,4.0,1,ok,,2026-07-24
2026-08-27T16:03:29.205647+00:00,shaq_sfx,https://search.shaq-logistics.com/api/freight-index,"SHAQ Freight Rate Index (SFX), SHAQ Logistics",forwarder_index,Shenzhen,Callao,Shenzhen-Callao,China-Peru,,,USD,6.8,6.8,6.8,,,35.0,35.0,1,ok,,2026-07-24
2026-08-27T16:03:29.205647+00:00,shaq_sfx,https://search.shaq-logistics.com/api/freight-index,"SHAQ Freight Rate Index (SFX), SHAQ Logistics",forwarder_index,Shenzhen,Durban,Shenzhen-Durban,China-South Africa,,,USD,6.5,6.5,6.5,,,28.0,28.0,1,ok,,2026-07-24
2026-08-27T16:03:29.205647+00:00,shaq_sfx,https://search.shaq-logistics.com/api/freight-index,"SHAQ Freight Rate Index (SFX), SHAQ Logistics",forwarder_index,Shenzhen,Genoa,Shenzhen-Genoa,China-Italy,,,USD,5.2,5.2,5.2,,,32.0,32.0,1,ok,,2026-07-24
2026-08-27T16:03:29.205647+00:00,shaq_sfx,https://search.shaq-logistics.com/api/freight-index,"SHAQ Freight Rate Index (SFX), SHAQ Logistics",forwarder_index,Shenzhen,Ho Chi Minh,Shenzhen-Ho Chi Minh,China-Vietnam,,,USD,2.8,2.8,2.8,,,5.0,5.0,1,ok,,2026-07-24
2026-08-27T16:03:29.205647+00:00,shaq_sfx,https://search.shaq-logistics.com/api/freight-index,"SHAQ Freight Rate Index (SFX), SHAQ Logistics",forwarder_index,Shenzhen,Istanbul,Shenzhen-Istanbul,China-Turkey,,,USD,5.5,5.5,5.5,,,28.0,28.0,1,ok,,2026-07-24
2026-08-27T16:03:29.205647+00:00,shaq_sfx,https://search.shaq-logistics.com/api/freight-index,"SHAQ Freight Rate Index (SFX), SHAQ Logistics",forwarder_index,Shenzhen,Jebel Ali (Dubai),Shenzhen-Jebel Ali (Dubai),China-UAE,,,USD,3.8,3.8,3.8,,,16.0,16.0,1,ok,,2026-07-24
2026-08-27T16:03:29.205647+00:00,shaq_sfx,https://search.shaq-logistics.com/api/freight-index,"SHAQ Freight Rate Index (SFX), SHAQ Logistics",forwarder_index,Shenzhen,Lagos,Shenzhen-Lagos,China-Nigeria,,,USD,7.0,7.0,7.0,,,30.0,30.0,1,ok,,2026-07-24
2026-08-27T16:03:29.205647+00:00,shaq_sfx,https://search.shaq-logistics.com/api/freight-index,"SHAQ Freight Rate Index (SFX), SHAQ Logistics",forwarder_index,Shenzhen,Los Angeles,Shenzhen-Los Angeles,China-USA,,,USD,5.5,5.5,5.5,,,14.0,14.0,1,ok,,2026-07-24
2026-08-27T16:03:29.205647+00:00,shaq_sfx,https://search.shaq-logistics.com/api/freight-index,"SHAQ Freight Rate Index (SFX), SHAQ Logistics",forwarder_index,Shenzhen,Manzanillo,Shenzhen-Manzanillo,China-Mexico,,,USD,6.0,6.0,6.0,,,22.0,22.0,1,ok,,2026-07-24
2026-08-27T16:03:29.205647+00:00,shaq_sfx,https://search.shaq-logistics.com/api/freight-index,"SHAQ Freight Rate Index (SFX), SHAQ Logistics",forwarder_index,Shenzhen,New York,Shenzhen-New York,China-USA,,,USD,6.5,6.5,6.5,,,28.0,28.0,1,ok,,2026-07-24
2026-08-27T16:03:29.205647+00:00,shaq_sfx,https://search.shaq-logistics.com/api/freight-index,"SHAQ Freight Rate Index (SFX), SHAQ Logistics",forwarder_index,Shenzhen,Nhava Sheva (Mumbai),Shenzhen-Nhava Sheva (Mumbai),China-India,,,USD,3.5,3.5,3.5,,,14.0,14.0,1,ok,,2026-07-24
2026-08-27T16:03:29.205647+00:00,shaq_sfx,https://search.shaq-logistics.com/api/freight-index,"SHAQ Freight Rate Index (SFX), SHAQ Logistics",forwarder_index,Shenzhen,Rotterdam,Shenzhen-Rotterdam,China-Netherlands,,,USD,4.8,4.8,4.8,,,30.0,30.0,1,ok,,2026-07-24
2026-08-27T16:03:29.205647+00:00,shaq_sfx,https://search.shaq-logistics.com/api/freight-index,"SHAQ Freight Rate Index (SFX), SHAQ Logistics",forwarder_index,Shenzhen,Santos,Shenzhen-Santos,China-Brazil,,,USD,7.2,7.2,7.2,,,38.0,38.0,1,ok,,2026-07-24
2026-08-27T16:03:29.205647+00:00,shaq_sfx,https://search.shaq-logistics.com/api/freight-index,"SHAQ Freight Rate Index (SFX), SHAQ Logistics",forwarder_index,Shenzhen,Singapore,Shenzhen-Singapore,China-Singapore,,,USD,3.2,3.2,3.2,,,7.0,7.0,1,ok,,2026-07-24
2026-08-27T16:03:29.205647+00:00,shaq_sfx,https://search.shaq-logistics.com/api/freight-index,"SHAQ Freight Rate Index (SFX), SHAQ Logistics",forwarder_index,Shenzhen,Sydney,Shenzhen-Sydney,China-Australia,,,USD,4.2,4.2,4.2,,,18.0,18.0,1,ok,,2026-07-24
2026-08-27T16:03:29.205647+00:00,shaq_sfx,https://search.shaq-logistics.com/api/freight-index,"SHAQ Freight Rate Index (SFX), SHAQ Logistics",forwarder_index,Shenzhen,Tokyo,Shenzhen-Tokyo,China-Japan,,,USD,2.5,2.5,2.5,,,5.0,5.0,1,ok,,2026-07-24
2026-08-27T16:03:29.205647+00:00,shaq_sfx,https://search.shaq-logistics.com/api/freight-index,"SHAQ Freight Rate Index (SFX), SHAQ Logistics",forwarder_index,Shenzhen,Vancouver,Shenzhen-Vancouver,China-Canada,,,USD,5.8,5.8,5.8,,,15.0,15.0,1,ok,,2026-07-24
2026-08-27T16:03:29.205647+00:00,shaq_sfx,https://search.shaq-logistics.com/api/freight-index,"SHAQ Freight Rate Index (SFX), SHAQ Logistics",forwarder_index,Shenzhen,Vostochny,Shenzhen-Vostochny,China-Russia,,,USD,3.5,3.5,3.5,,,6.0,6.0,1,ok,,2026-07-24
2026-08-27T16:03:29.972957+00:00,drewry_public_page,https://www.drewry.co.uk/supply-chain-advisors/supply-chain-expertise/airfreight-index,Drewry public Airfreight Price Index page (marketing snapshot),public_composite,GLOBAL,GLOBAL,GLOBAL-COMPOSITE,global,1000.0,1000.0,USD,3.93,3.93,3.93,,,,,1,ok,,
2026-08-27T16:33:56.444253+00:00,freightos_shipping_calculator,https://ship.freightos.com/api/shippingCalculator,Data courtesy Freightos — https://www.freightos.com,marketplace_estimate,BOM,DXB,BOM-DXB,India-ME,300.0,300.0,USD,,,,,,,,0,rate_limited,429 Too Many Requests,
